{
  "nombre_archivo": "Yulber.json",
  "personaje": {
    "nombre": "Yulber",
    "nivel": 1,
    "vida_max": 100,
    "vida": 97,
    "ataque": 10,
    "defensa": 5,
    "oro": 115,
    "exp": 25,
    "exp_necesaria": 100
  },
  "inventario": [
    {
      "id": 1,
      "nombre": "Pocion pequeña",
      "tipo": "pocion",
      "cura": 25,
      "cantidad": 5
    },
    {
      "id": 2,
      "nombre": "Espada basica",
      "tipo": "arma",
      "ataque": 5,
      "equipado": true
    }
  ],
  "estadisticas": {
    "enemigos_muertos": 1,
    "batallas_ganadas": 1,
    "batallas_perdidas": 0,
    "pociones_usadas": 0,
    "oro_ganado": 15,
    "fecha_inicio": "2025-12-01 11:38"
  }
}